{
  "samples": 5,
  "warmup": 2,
  "results": {
    "mount-100": {
      "plastic": 31.200000047683716,
      "react": 27.5,
      "vue": 29.700000047683716,
      "solid": 29.899999976158142
    },
    "mount-3000": {
      "plastic": 94.5,
      "react": 86.80000007152557,
      "vue": 37.89999997615814,
      "solid": 41.09999990463257
    },
    "mount-5000": {
      "plastic": 143.60000002384186,
      "react": 139.89999997615814,
      "vue": 59.59999990463257,
      "solid": 64.29999995231628
    },
    "update-3000": {
      "plastic": 32.799999952316284,
      "react": 67.10000002384186,
      "vue": 33.299999952316284,
      "solid": 33.299999952316284
    },
    "largeList-3000": {
      "plastic": 154.5,
      "react": 127.20000004768372,
      "vue": 86.30000007152557,
      "solid": 80.29999995231628
    },
    "largeList-10000": {
      "plastic": 553.3999999761581,
      "react": 588.2000000476837,
      "vue": 351.90000009536743,
      "solid": 268.6999999284744
    },
    "diff-reverse-3000": {
      "plastic": 101.89999997615814,
      "react": 205.79999995231628,
      "vue": 102.69999992847443,
      "solid": 248.39999997615814
    },
    "diff-shuffle-3000": {
      "plastic": 114.70000004768372,
      "react": 221.39999997615814,
      "vue": 107.20000004768372,
      "solid": 108.60000002384186
    },
    "diff-insert-3000": {
      "plastic": 102.20000004768372,
      "react": 90.89999997615814,
      "vue": 49.699999928474426,
      "solid": 39.300000071525574
    },
    "diff-remove-3000": {
      "plastic": 76.79999995231628,
      "react": 78.39999997615814,
      "vue": 43,
      "solid": 50.199999928474426
    },
    "diff-swap-3000": {
      "plastic": 96.70000004768372,
      "react": 201.10000002384186,
      "vue": 28.100000023841858,
      "solid": 24.299999952316284
    }
  }
}